{
  "VIX": 29.649999618530273,
  "SPY_Price": 526.4099731445312,
  "Gold": 306.1199951171875,
  "DXY": 99.30500030517578,
  "TenYearYield": 4.333000183105469,
  "TwoYearYield": 4.809000015258789,
  "CPI_Expected": 4.3,
  "CPI_YoY": 2.4,
  "CoreCPI": 2.8,
  "CorePCE": 2.81,
  "ConsumerSentiment": 64.7,
  "RealGDP_YoY": 2.4,
  "InitialJoblessClaims": 215.0,
  "FedFundsRate": 4.33,
  "Unemployment": 4.2,
  "Fed_Funds_Rate": 4.33,
  "_data_source": "yfinance_live+fred_live",
  "_timestamp": "2025-04-18T10:27:46.268560",
  "_error": "",
  "_live_percentage": 100.0
}