{
  "VIX": 29.889999389648438,
  "SPY_Price": 538.9415893554688,
  "Gold": 297.6499938964844,
  "DXY": 100.18299865722656,
  "TenYearYield": 4.309999942779541,
  "TwoYearYield": 4.763000011444092,
  "CPI_Expected": 4.3,
  "CPI_YoY": 2.4,
  "CoreCPI": 2.8,
  "CorePCE": 2.81,
  "ConsumerSentiment": 64.7,
  "RealGDP_YoY": 2.4,
  "InitialJoblessClaims": 223.0,
  "FedFundsRate": 4.33,
  "Unemployment": 4.2,
  "Fed_Funds_Rate": 4.33,
  "_data_source": "yfinance_live+fred_live",
  "_timestamp": "2025-04-15T13:42:43.447414",
  "_error": "",
  "_live_percentage": 100.0
}